,sample,actual,predicted,APP_ID,APPLICATION_DATE,count,row_score,calb_raw_score,calb_pd,score,score_grp,calb_score,calb_score_grp,pd_grp,calb_pd_grp,row,calb_row_grp
262,train,1,0.5203591,264,2022-02-18,1,0.081481464,1.0377564,0.7384169,384.77182,"(380, 390]",357.17953,"(350, 360]","(0.515, 0.52]","(0.683, 0.738]",1,"(0.71, 30.0]"
248,train,1,0.5203591,250,2022-02-04,1,0.081481464,1.0377564,0.7384169,384.77182,"(380, 390]",357.17953,"(350, 360]","(0.515, 0.52]","(0.683, 0.738]",2,"(0.71, 30.0]"
162,train,0,0.5203591,163,2021-11-10,1,0.081481464,1.0377564,0.7384169,384.77182,"(380, 390]",357.17953,"(350, 360]","(0.515, 0.52]","(0.683, 0.738]",3,"(0.71, 30.0]"
314,train,1,0.5203591,316,2022-04-11,1,0.081481464,1.0377564,0.7384169,384.77182,"(380, 390]",357.17953,"(350, 360]","(0.515, 0.52]","(0.683, 0.738]",4,"(0.71, 30.0]"
273,train,1,0.5203591,275,2022-03-01,1,0.081481464,1.0377564,0.7384169,384.77182,"(380, 390]",357.17953,"(350, 360]","(0.515, 0.52]","(0.683, 0.738]",5,"(0.71, 30.0]"
290,train,1,0.5203591,292,2022-03-18,1,0.081481464,1.0377564,0.7384169,384.77182,"(380, 390]",357.17953,"(350, 360]","(0.515, 0.52]","(0.683, 0.738]",6,"(0.71, 30.0]"
275,train,0,0.5203591,277,2022-03-03,1,0.081481464,1.0377564,0.7384169,384.77182,"(380, 390]",357.17953,"(350, 360]","(0.515, 0.52]","(0.683, 0.738]",7,"(0.71, 30.0]"
196,train,1,0.5203591,197,2021-12-14,1,0.081481464,1.0377564,0.7384169,384.77182,"(380, 390]",357.17953,"(350, 360]","(0.515, 0.52]","(0.683, 0.738]",8,"(0.71, 30.0]"
97,train,1,0.5203591,98,2021-09-06,1,0.081481464,1.0377564,0.7384169,384.77182,"(380, 390]",357.17953,"(350, 360]","(0.515, 0.52]","(0.683, 0.738]",9,"(0.71, 30.0]"
350,train,1,0.5203591,352,2022-05-17,1,0.081481464,1.0377564,0.7384169,384.77182,"(380, 390]",357.17953,"(350, 360]","(0.515, 0.52]","(0.683, 0.738]",10,"(0.71, 30.0]"
93,train,1,0.5203591,94,2021-09-02,1,0.081481464,1.0377564,0.7384169,384.77182,"(380, 390]",357.17953,"(350, 360]","(0.515, 0.52]","(0.683, 0.738]",11,"(0.71, 30.0]"
243,train,1,0.5203591,245,2022-01-30,1,0.081481464,1.0377564,0.7384169,384.77182,"(380, 390]",357.17953,"(350, 360]","(0.515, 0.52]","(0.683, 0.738]",12,"(0.71, 30.0]"
104,train,0,0.5203591,105,2021-09-13,1,0.081481464,1.0377564,0.7384169,384.77182,"(380, 390]",357.17953,"(350, 360]","(0.515, 0.52]","(0.683, 0.738]",13,"(0.71, 30.0]"
306,train,1,0.5203591,308,2022-04-03,1,0.081481464,1.0377564,0.7384169,384.77182,"(380, 390]",357.17953,"(350, 360]","(0.515, 0.52]","(0.683, 0.738]",14,"(0.71, 30.0]"
107,train,0,0.5203591,108,2021-09-16,1,0.081481464,1.0377564,0.7384169,384.77182,"(380, 390]",357.17953,"(350, 360]","(0.515, 0.52]","(0.683, 0.738]",15,"(0.71, 30.0]"
264,train,1,0.5203591,266,2022-02-20,1,0.081481464,1.0377564,0.7384169,384.77182,"(380, 390]",357.17953,"(350, 360]","(0.515, 0.52]","(0.683, 0.738]",16,"(0.71, 30.0]"
18,train,0,0.5203591,18,2021-06-19,1,0.081481464,1.0377564,0.7384169,384.77182,"(380, 390]",357.17953,"(350, 360]","(0.515, 0.52]","(0.683, 0.738]",17,"(0.71, 30.0]"
198,train,1,0.5203591,199,2021-12-16,1,0.081481464,1.0377564,0.7384169,384.77182,"(380, 390]",357.17953,"(350, 360]","(0.515, 0.52]","(0.683, 0.738]",18,"(0.71, 30.0]"
133,train,1,0.5203591,134,2021-10-12,1,0.081481464,1.0377564,0.7384169,384.77182,"(380, 390]",357.17953,"(350, 360]","(0.515, 0.52]","(0.683, 0.738]",19,"(0.71, 30.0]"
131,train,1,0.5203591,132,2021-10-10,1,0.081481464,1.0377564,0.7384169,384.77182,"(380, 390]",357.17953,"(350, 360]","(0.515, 0.52]","(0.683, 0.738]",20,"(0.71, 30.0]"
315,train,1,0.5203591,317,2022-04-12,1,0.081481464,1.0377564,0.7384169,384.77182,"(380, 390]",357.17953,"(350, 360]","(0.515, 0.52]","(0.683, 0.738]",21,"(0.71, 30.0]"
80,train,0,0.5203591,81,2021-08-20,1,0.081481464,1.0377564,0.7384169,384.77182,"(380, 390]",357.17953,"(350, 360]","(0.515, 0.52]","(0.683, 0.738]",22,"(0.71, 30.0]"
47,train,1,0.5203591,48,2021-07-18,1,0.081481464,1.0377564,0.7384169,384.77182,"(380, 390]",357.17953,"(350, 360]","(0.515, 0.52]","(0.683, 0.738]",23,"(0.71, 30.0]"
303,train,1,0.51666045,305,2022-03-31,1,0.06666654,0.8474695,0.70003605,385.19928,"(380, 390]",362.67007,"(360, 370]","(0.515, 0.52]","(0.683, 0.738]",24,"(0.71, 30.0]"
209,train,1,0.51666045,210,2021-12-27,1,0.06666654,0.8474695,0.70003605,385.19928,"(380, 390]",362.67007,"(360, 370]","(0.515, 0.52]","(0.683, 0.738]",25,"(0.71, 30.0]"
159,train,0,0.51666045,160,2021-11-07,1,0.06666654,0.8474695,0.70003605,385.19928,"(380, 390]",362.67007,"(360, 370]","(0.515, 0.52]","(0.683, 0.738]",26,"(0.71, 30.0]"
27,train,1,0.51666045,27,2021-06-28,1,0.06666654,0.8474695,0.70003605,385.19928,"(380, 390]",362.67007,"(360, 370]","(0.515, 0.52]","(0.683, 0.738]",27,"(0.71, 30.0]"
32,train,0,0.51666045,32,2021-07-03,1,0.06666654,0.8474695,0.70003605,385.19928,"(380, 390]",362.67007,"(360, 370]","(0.515, 0.52]","(0.683, 0.738]",28,"(0.71, 30.0]"
53,train,0,0.51666045,54,2021-07-24,1,0.06666654,0.8474695,0.70003605,385.19928,"(380, 390]",362.67007,"(360, 370]","(0.515, 0.52]","(0.683, 0.738]",29,"(0.71, 30.0]"
20,train,0,0.51666045,20,2021-06-21,1,0.06666654,0.8474695,0.70003605,385.19928,"(380, 390]",362.67007,"(360, 370]","(0.515, 0.52]","(0.683, 0.738]",30,"(0.71, 30.0]"
311,train,1,0.51666045,313,2022-04-08,1,0.06666654,0.8474695,0.70003605,385.19928,"(380, 390]",362.67007,"(360, 370]","(0.515, 0.52]","(0.683, 0.738]",31,"(30.0, 59.0]"
266,train,1,0.51666045,268,2022-02-22,1,0.06666654,0.8474695,0.70003605,385.19928,"(380, 390]",362.67007,"(360, 370]","(0.515, 0.52]","(0.683, 0.738]",32,"(30.0, 59.0]"
222,train,1,0.51666045,223,2022-01-09,1,0.06666654,0.8474695,0.70003605,385.19928,"(380, 390]",362.67007,"(360, 370]","(0.515, 0.52]","(0.683, 0.738]",33,"(30.0, 59.0]"
79,train,0,0.51666045,80,2021-08-19,1,0.06666654,0.8474695,0.70003605,385.19928,"(380, 390]",362.67007,"(360, 370]","(0.515, 0.52]","(0.683, 0.738]",34,"(30.0, 59.0]"
249,train,1,0.51666045,251,2022-02-05,1,0.06666654,0.8474695,0.70003605,385.19928,"(380, 390]",362.67007,"(360, 370]","(0.515, 0.52]","(0.683, 0.738]",35,"(30.0, 59.0]"
242,train,0,0.51666045,244,2022-01-29,1,0.06666654,0.8474695,0.70003605,385.19928,"(380, 390]",362.67007,"(360, 370]","(0.515, 0.52]","(0.683, 0.738]",36,"(30.0, 59.0]"
250,train,0,0.51666045,252,2022-02-06,1,0.06666654,0.8474695,0.70003605,385.19928,"(380, 390]",362.67007,"(360, 370]","(0.515, 0.52]","(0.683, 0.738]",37,"(30.0, 59.0]"
69,train,1,0.51666045,70,2021-08-09,1,0.06666654,0.8474695,0.70003605,385.19928,"(380, 390]",362.67007,"(360, 370]","(0.515, 0.52]","(0.683, 0.738]",38,"(30.0, 59.0]"
348,train,1,0.51666045,350,2022-05-15,1,0.06666654,0.8474695,0.70003605,385.19928,"(380, 390]",362.67007,"(360, 370]","(0.515, 0.52]","(0.683, 0.738]",39,"(30.0, 59.0]"
211,train,1,0.51666045,212,2021-12-29,1,0.06666654,0.8474695,0.70003605,385.19928,"(380, 390]",362.67007,"(360, 370]","(0.515, 0.52]","(0.683, 0.738]",40,"(30.0, 59.0]"
41,train,1,0.51666045,42,2021-07-12,1,0.06666654,0.8474695,0.70003605,385.19928,"(380, 390]",362.67007,"(360, 370]","(0.515, 0.52]","(0.683, 0.738]",41,"(30.0, 59.0]"
24,train,1,0.51666045,24,2021-06-25,1,0.06666654,0.8474695,0.70003605,385.19928,"(380, 390]",362.67007,"(360, 370]","(0.515, 0.52]","(0.683, 0.738]",42,"(30.0, 59.0]"
110,train,1,0.51666045,111,2021-09-19,1,0.06666654,0.8474695,0.70003605,385.19928,"(380, 390]",362.67007,"(360, 370]","(0.515, 0.52]","(0.683, 0.738]",43,"(30.0, 59.0]"
173,train,1,0.51666045,174,2021-11-21,1,0.06666654,0.8474695,0.70003605,385.19928,"(380, 390]",362.67007,"(360, 370]","(0.515, 0.52]","(0.683, 0.738]",44,"(30.0, 59.0]"
153,train,1,0.51666045,154,2021-11-01,1,0.06666654,0.8474695,0.70003605,385.19928,"(380, 390]",362.67007,"(360, 370]","(0.515, 0.52]","(0.683, 0.738]",45,"(30.0, 59.0]"
312,train,1,0.51666045,314,2022-04-09,1,0.06666654,0.8474695,0.70003605,385.19928,"(380, 390]",362.67007,"(360, 370]","(0.515, 0.52]","(0.683, 0.738]",46,"(30.0, 59.0]"
210,train,0,0.5010489,211,2021-12-28,1,0.0041956976,0.045076825,0.5112673,387.0018,"(380, 390]",385.82224,"(380, 390]","(0.501, 0.506]","(0.461, 0.516]",47,"(30.0, 59.0]"
223,train,1,0.5010489,224,2022-01-10,1,0.0041956976,0.045076825,0.5112673,387.0018,"(380, 390]",385.82224,"(380, 390]","(0.501, 0.506]","(0.461, 0.516]",48,"(30.0, 59.0]"
215,train,0,0.5010489,216,2022-01-02,1,0.0041956976,0.045076825,0.5112673,387.0018,"(380, 390]",385.82224,"(380, 390]","(0.501, 0.506]","(0.461, 0.516]",49,"(30.0, 59.0]"
84,train,0,0.5010489,85,2021-08-24,1,0.0041956976,0.045076825,0.5112673,387.0018,"(380, 390]",385.82224,"(380, 390]","(0.501, 0.506]","(0.461, 0.516]",50,"(30.0, 59.0]"
120,train,1,0.5010489,121,2021-09-29,1,0.0041956976,0.045076825,0.5112673,387.0018,"(380, 390]",385.82224,"(380, 390]","(0.501, 0.506]","(0.461, 0.516]",51,"(30.0, 59.0]"
71,train,1,0.5010489,72,2021-08-11,1,0.0041956976,0.045076825,0.5112673,387.0018,"(380, 390]",385.82224,"(380, 390]","(0.501, 0.506]","(0.461, 0.516]",52,"(30.0, 59.0]"
328,train,0,0.5010489,330,2022-04-25,1,0.0041956976,0.045076825,0.5112673,387.0018,"(380, 390]",385.82224,"(380, 390]","(0.501, 0.506]","(0.461, 0.516]",53,"(30.0, 59.0]"
35,train,1,0.5010489,35,2021-07-06,1,0.0041956976,0.045076825,0.5112673,387.0018,"(380, 390]",385.82224,"(380, 390]","(0.501, 0.506]","(0.461, 0.516]",54,"(30.0, 59.0]"
233,train,0,0.5010489,235,2022-01-20,1,0.0041956976,0.045076825,0.5112673,387.0018,"(380, 390]",385.82224,"(380, 390]","(0.501, 0.506]","(0.461, 0.516]",55,"(30.0, 59.0]"
64,train,1,0.5010489,65,2021-08-04,1,0.0041956976,0.045076825,0.5112673,387.0018,"(380, 390]",385.82224,"(380, 390]","(0.501, 0.506]","(0.461, 0.516]",56,"(30.0, 59.0]"
9,train,1,0.5010489,9,2021-06-10,1,0.0041956976,0.045076825,0.5112673,387.0018,"(380, 390]",385.82224,"(380, 390]","(0.501, 0.506]","(0.461, 0.516]",57,"(30.0, 59.0]"
176,train,1,0.5010489,177,2021-11-24,1,0.0041956976,0.045076825,0.5112673,387.0018,"(380, 390]",385.82224,"(380, 390]","(0.501, 0.506]","(0.461, 0.516]",58,"(30.0, 59.0]"
337,train,0,0.5010489,339,2022-05-04,1,0.0041956976,0.045076825,0.5112673,387.0018,"(380, 390]",385.82224,"(380, 390]","(0.501, 0.506]","(0.461, 0.516]",59,"(30.0, 59.0]"
63,train,0,0.5010489,64,2021-08-03,1,0.0041956976,0.045076825,0.5112673,387.0018,"(380, 390]",385.82224,"(380, 390]","(0.501, 0.506]","(0.461, 0.516]",60,"(59.0, 88.0]"
285,train,0,0.5010489,287,2022-03-13,1,0.0041956976,0.045076825,0.5112673,387.0018,"(380, 390]",385.82224,"(380, 390]","(0.501, 0.506]","(0.461, 0.516]",61,"(59.0, 88.0]"
253,train,1,0.5010489,255,2022-02-09,1,0.0041956976,0.045076825,0.5112673,387.0018,"(380, 390]",385.82224,"(380, 390]","(0.501, 0.506]","(0.461, 0.516]",62,"(59.0, 88.0]"
204,train,0,0.5010489,205,2021-12-22,1,0.0041956976,0.045076825,0.5112673,387.0018,"(380, 390]",385.82224,"(380, 390]","(0.501, 0.506]","(0.461, 0.516]",63,"(59.0, 88.0]"
13,train,0,0.5010489,13,2021-06-14,1,0.0041956976,0.045076825,0.5112673,387.0018,"(380, 390]",385.82224,"(380, 390]","(0.501, 0.506]","(0.461, 0.516]",64,"(59.0, 88.0]"
152,train,1,0.5010489,153,2021-10-31,1,0.0041956976,0.045076825,0.5112673,387.0018,"(380, 390]",385.82224,"(380, 390]","(0.501, 0.506]","(0.461, 0.516]",65,"(59.0, 88.0]"
319,train,1,0.5010489,321,2022-04-16,1,0.0041956976,0.045076825,0.5112673,387.0018,"(380, 390]",385.82224,"(380, 390]","(0.501, 0.506]","(0.461, 0.516]",66,"(59.0, 88.0]"
283,train,0,0.5010489,285,2022-03-11,1,0.0041956976,0.045076825,0.5112673,387.0018,"(380, 390]",385.82224,"(380, 390]","(0.501, 0.506]","(0.461, 0.516]",67,"(59.0, 88.0]"
241,train,1,0.5010489,243,2022-01-28,1,0.0041956976,0.045076825,0.5112673,387.0018,"(380, 390]",385.82224,"(380, 390]","(0.501, 0.506]","(0.461, 0.516]",68,"(59.0, 88.0]"
0,train,0,0.5010489,0,2021-06-01,1,0.0041956976,0.045076825,0.5112673,387.0018,"(380, 390]",385.82224,"(380, 390]","(0.501, 0.506]","(0.461, 0.516]",69,"(59.0, 88.0]"
230,train,0,0.5010489,232,2022-01-17,1,0.0041956976,0.045076825,0.5112673,387.0018,"(380, 390]",385.82224,"(380, 390]","(0.501, 0.506]","(0.461, 0.516]",70,"(59.0, 88.0]"
137,train,1,0.5010489,138,2021-10-16,1,0.0041956976,0.045076825,0.5112673,387.0018,"(380, 390]",385.82224,"(380, 390]","(0.501, 0.506]","(0.461, 0.516]",71,"(59.0, 88.0]"
169,train,0,0.5010489,170,2021-11-17,1,0.0041956976,0.045076825,0.5112673,387.0018,"(380, 390]",385.82224,"(380, 390]","(0.501, 0.506]","(0.461, 0.516]",72,"(59.0, 88.0]"
48,train,1,0.5010489,49,2021-07-19,1,0.0041956976,0.045076825,0.5112673,387.0018,"(380, 390]",385.82224,"(380, 390]","(0.501, 0.506]","(0.461, 0.516]",73,"(59.0, 88.0]"
240,train,0,0.5010489,242,2022-01-27,1,0.0041956976,0.045076825,0.5112673,387.0018,"(380, 390]",385.82224,"(380, 390]","(0.501, 0.506]","(0.461, 0.516]",74,"(59.0, 88.0]"
178,train,1,0.5010489,179,2021-11-26,1,0.0041956976,0.045076825,0.5112673,387.0018,"(380, 390]",385.82224,"(380, 390]","(0.501, 0.506]","(0.461, 0.516]",75,"(59.0, 88.0]"
28,train,0,0.5010489,28,2021-06-29,1,0.0041956976,0.045076825,0.5112673,387.0018,"(380, 390]",385.82224,"(380, 390]","(0.501, 0.506]","(0.461, 0.516]",76,"(59.0, 88.0]"
58,train,1,0.5010489,59,2021-07-29,1,0.0041956976,0.045076825,0.5112673,387.0018,"(380, 390]",385.82224,"(380, 390]","(0.501, 0.506]","(0.461, 0.516]",77,"(59.0, 88.0]"
175,train,0,0.5010489,176,2021-11-23,1,0.0041956976,0.045076825,0.5112673,387.0018,"(380, 390]",385.82224,"(380, 390]","(0.501, 0.506]","(0.461, 0.516]",78,"(59.0, 88.0]"
67,train,1,0.5010489,68,2021-08-07,1,0.0041956976,0.045076825,0.5112673,387.0018,"(380, 390]",385.82224,"(380, 390]","(0.501, 0.506]","(0.461, 0.516]",79,"(59.0, 88.0]"
166,train,0,0.5010489,167,2021-11-14,1,0.0041956976,0.045076825,0.5112673,387.0018,"(380, 390]",385.82224,"(380, 390]","(0.501, 0.506]","(0.461, 0.516]",80,"(59.0, 88.0]"
121,train,1,0.5010489,122,2021-09-30,1,0.0041956976,0.045076825,0.5112673,387.0018,"(380, 390]",385.82224,"(380, 390]","(0.501, 0.506]","(0.461, 0.516]",81,"(59.0, 88.0]"
90,train,1,0.5010489,91,2021-08-30,1,0.0041956976,0.045076825,0.5112673,387.0018,"(380, 390]",385.82224,"(380, 390]","(0.501, 0.506]","(0.461, 0.516]",82,"(59.0, 88.0]"
239,train,0,0.5010489,241,2022-01-26,1,0.0041956976,0.045076825,0.5112673,387.0018,"(380, 390]",385.82224,"(380, 390]","(0.501, 0.506]","(0.461, 0.516]",83,"(59.0, 88.0]"
42,train,1,0.5010489,43,2021-07-13,1,0.0041956976,0.045076825,0.5112673,387.0018,"(380, 390]",385.82224,"(380, 390]","(0.501, 0.506]","(0.461, 0.516]",84,"(59.0, 88.0]"
122,train,1,0.5010489,123,2021-10-01,1,0.0041956976,0.045076825,0.5112673,387.0018,"(380, 390]",385.82224,"(380, 390]","(0.501, 0.506]","(0.461, 0.516]",85,"(59.0, 88.0]"
51,train,1,0.5010489,52,2021-07-22,1,0.0041956976,0.045076825,0.5112673,387.0018,"(380, 390]",385.82224,"(380, 390]","(0.501, 0.506]","(0.461, 0.516]",86,"(59.0, 88.0]"
256,train,0,0.5010489,258,2022-02-12,1,0.0041956976,0.045076825,0.5112673,387.0018,"(380, 390]",385.82224,"(380, 390]","(0.501, 0.506]","(0.461, 0.516]",87,"(59.0, 88.0]"
130,train,1,0.5010489,131,2021-10-09,1,0.0041956976,0.045076825,0.5112673,387.0018,"(380, 390]",385.82224,"(380, 390]","(0.501, 0.506]","(0.461, 0.516]",88,"(59.0, 88.0]"
111,train,0,0.5010489,112,2021-09-20,1,0.0041956976,0.045076825,0.5112673,387.0018,"(380, 390]",385.82224,"(380, 390]","(0.501, 0.506]","(0.461, 0.516]",89,"(88.0, 117.0]"
228,train,1,0.5010489,229,2022-01-15,1,0.0041956976,0.045076825,0.5112673,387.0018,"(380, 390]",385.82224,"(380, 390]","(0.501, 0.506]","(0.461, 0.516]",90,"(88.0, 117.0]"
148,train,1,0.5010489,149,2021-10-27,1,0.0041956976,0.045076825,0.5112673,387.0018,"(380, 390]",385.82224,"(380, 390]","(0.501, 0.506]","(0.461, 0.516]",91,"(88.0, 117.0]"
313,train,1,0.5010489,315,2022-04-10,1,0.0041956976,0.045076825,0.5112673,387.0018,"(380, 390]",385.82224,"(380, 390]","(0.501, 0.506]","(0.461, 0.516]",92,"(88.0, 117.0]"
89,train,1,0.5010489,90,2021-08-29,1,0.0041956976,0.045076825,0.5112673,387.0018,"(380, 390]",385.82224,"(380, 390]","(0.501, 0.506]","(0.461, 0.516]",93,"(88.0, 117.0]"
174,train,1,0.5010489,175,2021-11-22,1,0.0041956976,0.045076825,0.5112673,387.0018,"(380, 390]",385.82224,"(380, 390]","(0.501, 0.506]","(0.461, 0.516]",94,"(88.0, 117.0]"
208,train,1,0.5010489,209,2021-12-26,1,0.0041956976,0.045076825,0.5112673,387.0018,"(380, 390]",385.82224,"(380, 390]","(0.501, 0.506]","(0.461, 0.516]",95,"(88.0, 117.0]"
5,train,1,0.5010489,5,2021-06-06,1,0.0041956976,0.045076825,0.5112673,387.0018,"(380, 390]",385.82224,"(380, 390]","(0.501, 0.506]","(0.461, 0.516]",96,"(88.0, 117.0]"
229,train,0,0.5010489,231,2022-01-16,1,0.0041956976,0.045076825,0.5112673,387.0018,"(380, 390]",385.82224,"(380, 390]","(0.501, 0.506]","(0.461, 0.516]",97,"(88.0, 117.0]"
255,train,0,0.5010489,257,2022-02-11,1,0.0041956976,0.045076825,0.5112673,387.0018,"(380, 390]",385.82224,"(380, 390]","(0.501, 0.506]","(0.461, 0.516]",98,"(88.0, 117.0]"
68,train,0,0.5010489,69,2021-08-08,1,0.0041956976,0.045076825,0.5112673,387.0018,"(380, 390]",385.82224,"(380, 390]","(0.501, 0.506]","(0.461, 0.516]",99,"(88.0, 117.0]"
146,train,0,0.5010489,147,2021-10-25,1,0.0041956976,0.045076825,0.5112673,387.0018,"(380, 390]",385.82224,"(380, 390]","(0.501, 0.506]","(0.461, 0.516]",100,"(88.0, 117.0]"
29,train,0,0.5010489,29,2021-06-30,1,0.0041956976,0.045076825,0.5112673,387.0018,"(380, 390]",385.82224,"(380, 390]","(0.501, 0.506]","(0.461, 0.516]",101,"(88.0, 117.0]"
113,train,1,0.5010489,114,2021-09-22,1,0.0041956976,0.045076825,0.5112673,387.0018,"(380, 390]",385.82224,"(380, 390]","(0.501, 0.506]","(0.461, 0.516]",102,"(88.0, 117.0]"
316,train,0,0.5010489,318,2022-04-13,1,0.0041956976,0.045076825,0.5112673,387.0018,"(380, 390]",385.82224,"(380, 390]","(0.501, 0.506]","(0.461, 0.516]",103,"(88.0, 117.0]"
187,train,0,0.5010489,188,2021-12-05,1,0.0041956976,0.045076825,0.5112673,387.0018,"(380, 390]",385.82224,"(380, 390]","(0.501, 0.506]","(0.461, 0.516]",104,"(88.0, 117.0]"
147,train,0,0.5010489,148,2021-10-26,1,0.0041956976,0.045076825,0.5112673,387.0018,"(380, 390]",385.82224,"(380, 390]","(0.501, 0.506]","(0.461, 0.516]",105,"(88.0, 117.0]"
40,train,1,0.5010489,41,2021-07-11,1,0.0041956976,0.045076825,0.5112673,387.0018,"(380, 390]",385.82224,"(380, 390]","(0.501, 0.506]","(0.461, 0.516]",106,"(88.0, 117.0]"
185,train,0,0.5010489,186,2021-12-03,1,0.0041956976,0.045076825,0.5112673,387.0018,"(380, 390]",385.82224,"(380, 390]","(0.501, 0.506]","(0.461, 0.516]",107,"(88.0, 117.0]"
260,train,1,0.5010489,262,2022-02-16,1,0.0041956976,0.045076825,0.5112673,387.0018,"(380, 390]",385.82224,"(380, 390]","(0.501, 0.506]","(0.461, 0.516]",108,"(88.0, 117.0]"
22,train,0,0.5010489,22,2021-06-23,1,0.0041956976,0.045076825,0.5112673,387.0018,"(380, 390]",385.82224,"(380, 390]","(0.501, 0.506]","(0.461, 0.516]",109,"(88.0, 117.0]"
96,train,1,0.5010489,97,2021-09-05,1,0.0041956976,0.045076825,0.5112673,387.0018,"(380, 390]",385.82224,"(380, 390]","(0.501, 0.506]","(0.461, 0.516]",110,"(88.0, 117.0]"
109,train,1,0.5010489,110,2021-09-18,1,0.0041956976,0.045076825,0.5112673,387.0018,"(380, 390]",385.82224,"(380, 390]","(0.501, 0.506]","(0.461, 0.516]",111,"(88.0, 117.0]"
115,train,0,0.5010489,116,2021-09-24,1,0.0041956976,0.045076825,0.5112673,387.0018,"(380, 390]",385.82224,"(380, 390]","(0.501, 0.506]","(0.461, 0.516]",112,"(88.0, 117.0]"
180,train,1,0.5010489,181,2021-11-28,1,0.0041956976,0.045076825,0.5112673,387.0018,"(380, 390]",385.82224,"(380, 390]","(0.501, 0.506]","(0.461, 0.516]",113,"(88.0, 117.0]"
114,train,0,0.5010489,115,2021-09-23,1,0.0041956976,0.045076825,0.5112673,387.0018,"(380, 390]",385.82224,"(380, 390]","(0.501, 0.506]","(0.461, 0.516]",114,"(88.0, 117.0]"
102,train,0,0.5010489,103,2021-09-11,1,0.0041956976,0.045076825,0.5112673,387.0018,"(380, 390]",385.82224,"(380, 390]","(0.501, 0.506]","(0.461, 0.516]",115,"(88.0, 117.0]"
342,train,1,0.5010489,344,2022-05-09,1,0.0041956976,0.045076825,0.5112673,387.0018,"(380, 390]",385.82224,"(380, 390]","(0.501, 0.506]","(0.461, 0.516]",116,"(88.0, 117.0]"
118,train,1,0.5010489,119,2021-09-27,1,0.0041956976,0.045076825,0.5112673,387.0018,"(380, 390]",385.82224,"(380, 390]","(0.501, 0.506]","(0.461, 0.516]",117,"(88.0, 117.0]"
238,train,1,0.5010489,240,2022-01-25,1,0.0041956976,0.045076825,0.5112673,387.0018,"(380, 390]",385.82224,"(380, 390]","(0.501, 0.506]","(0.461, 0.516]",118,"(117.0, 146.0]"
155,train,0,0.5010489,156,2021-11-03,1,0.0041956976,0.045076825,0.5112673,387.0018,"(380, 390]",385.82224,"(380, 390]","(0.501, 0.506]","(0.461, 0.516]",119,"(117.0, 146.0]"
2,train,1,0.5010489,2,2021-06-03,1,0.0041956976,0.045076825,0.5112673,387.0018,"(380, 390]",385.82224,"(380, 390]","(0.501, 0.506]","(0.461, 0.516]",120,"(117.0, 146.0]"
36,train,1,0.5010489,36,2021-07-07,1,0.0041956976,0.045076825,0.5112673,387.0018,"(380, 390]",385.82224,"(380, 390]","(0.501, 0.506]","(0.461, 0.516]",121,"(117.0, 146.0]"
297,train,0,0.5010489,299,2022-03-25,1,0.0041956976,0.045076825,0.5112673,387.0018,"(380, 390]",385.82224,"(380, 390]","(0.501, 0.506]","(0.461, 0.516]",122,"(117.0, 146.0]"
193,train,0,0.5010489,194,2021-12-11,1,0.0041956976,0.045076825,0.5112673,387.0018,"(380, 390]",385.82224,"(380, 390]","(0.501, 0.506]","(0.461, 0.516]",123,"(117.0, 146.0]"
116,train,0,0.5010489,117,2021-09-25,1,0.0041956976,0.045076825,0.5112673,387.0018,"(380, 390]",385.82224,"(380, 390]","(0.501, 0.506]","(0.461, 0.516]",124,"(117.0, 146.0]"
78,train,1,0.5010489,79,2021-08-18,1,0.0041956976,0.045076825,0.5112673,387.0018,"(380, 390]",385.82224,"(380, 390]","(0.501, 0.506]","(0.461, 0.516]",125,"(117.0, 146.0]"
82,train,0,0.5010489,83,2021-08-22,1,0.0041956976,0.045076825,0.5112673,387.0018,"(380, 390]",385.82224,"(380, 390]","(0.501, 0.506]","(0.461, 0.516]",126,"(117.0, 146.0]"
258,train,1,0.5010489,260,2022-02-14,1,0.0041956976,0.045076825,0.5112673,387.0018,"(380, 390]",385.82224,"(380, 390]","(0.501, 0.506]","(0.461, 0.516]",127,"(117.0, 146.0]"
17,train,0,0.5010489,17,2021-06-18,1,0.0041956976,0.045076825,0.5112673,387.0018,"(380, 390]",385.82224,"(380, 390]","(0.501, 0.506]","(0.461, 0.516]",128,"(117.0, 146.0]"
167,train,1,0.5010489,168,2021-11-15,1,0.0041956976,0.045076825,0.5112673,387.0018,"(380, 390]",385.82224,"(380, 390]","(0.501, 0.506]","(0.461, 0.516]",129,"(117.0, 146.0]"
214,train,0,0.5010489,215,2022-01-01,1,0.0041956976,0.045076825,0.5112673,387.0018,"(380, 390]",385.82224,"(380, 390]","(0.501, 0.506]","(0.461, 0.516]",130,"(117.0, 146.0]"
1,train,1,0.5010489,1,2021-06-02,1,0.0041956976,0.045076825,0.5112673,387.0018,"(380, 390]",385.82224,"(380, 390]","(0.501, 0.506]","(0.461, 0.516]",131,"(117.0, 146.0]"
92,train,1,0.5010489,93,2021-09-01,1,0.0041956976,0.045076825,0.5112673,387.0018,"(380, 390]",385.82224,"(380, 390]","(0.501, 0.506]","(0.461, 0.516]",132,"(117.0, 146.0]"
302,train,0,0.5010489,304,2022-03-30,1,0.0041956976,0.045076825,0.5112673,387.0018,"(380, 390]",385.82224,"(380, 390]","(0.501, 0.506]","(0.461, 0.516]",133,"(117.0, 146.0]"
224,train,0,0.5010489,225,2022-01-11,1,0.0041956976,0.045076825,0.5112673,387.0018,"(380, 390]",385.82224,"(380, 390]","(0.501, 0.506]","(0.461, 0.516]",134,"(117.0, 146.0]"
293,train,0,0.5010489,295,2022-03-21,1,0.0041956976,0.045076825,0.5112673,387.0018,"(380, 390]",385.82224,"(380, 390]","(0.501, 0.506]","(0.461, 0.516]",135,"(117.0, 146.0]"
66,train,1,0.5010489,67,2021-08-06,1,0.0041956976,0.045076825,0.5112673,387.0018,"(380, 390]",385.82224,"(380, 390]","(0.501, 0.506]","(0.461, 0.516]",136,"(117.0, 146.0]"
168,train,0,0.5010489,169,2021-11-16,1,0.0041956976,0.045076825,0.5112673,387.0018,"(380, 390]",385.82224,"(380, 390]","(0.501, 0.506]","(0.461, 0.516]",137,"(117.0, 146.0]"
39,train,0,0.5010489,40,2021-07-10,1,0.0041956976,0.045076825,0.5112673,387.0018,"(380, 390]",385.82224,"(380, 390]","(0.501, 0.506]","(0.461, 0.516]",138,"(117.0, 146.0]"
194,train,1,0.5010489,195,2021-12-12,1,0.0041956976,0.045076825,0.5112673,387.0018,"(380, 390]",385.82224,"(380, 390]","(0.501, 0.506]","(0.461, 0.516]",139,"(117.0, 146.0]"
281,train,1,0.5010489,283,2022-03-09,1,0.0041956976,0.045076825,0.5112673,387.0018,"(380, 390]",385.82224,"(380, 390]","(0.501, 0.506]","(0.461, 0.516]",140,"(117.0, 146.0]"
356,train,1,0.5010489,358,2022-05-23,1,0.0041956976,0.045076825,0.5112673,387.0018,"(380, 390]",385.82224,"(380, 390]","(0.501, 0.506]","(0.461, 0.516]",141,"(117.0, 146.0]"
19,train,1,0.5010489,19,2021-06-20,1,0.0041956976,0.045076825,0.5112673,387.0018,"(380, 390]",385.82224,"(380, 390]","(0.501, 0.506]","(0.461, 0.516]",142,"(117.0, 146.0]"
33,train,1,0.5010489,33,2021-07-04,1,0.0041956976,0.045076825,0.5112673,387.0018,"(380, 390]",385.82224,"(380, 390]","(0.501, 0.506]","(0.461, 0.516]",143,"(117.0, 146.0]"
26,train,1,0.5010489,26,2021-06-27,1,0.0041956976,0.045076825,0.5112673,387.0018,"(380, 390]",385.82224,"(380, 390]","(0.501, 0.506]","(0.461, 0.516]",144,"(117.0, 146.0]"
288,train,1,0.5010489,290,2022-03-16,1,0.0041956976,0.045076825,0.5112673,387.0018,"(380, 390]",385.82224,"(380, 390]","(0.501, 0.506]","(0.461, 0.516]",145,"(117.0, 146.0]"
21,train,0,0.5010489,21,2021-06-22,1,0.0041956976,0.045076825,0.5112673,387.0018,"(380, 390]",385.82224,"(380, 390]","(0.501, 0.506]","(0.461, 0.516]",146,"(117.0, 146.0]"
7,train,0,0.5010489,7,2021-06-08,1,0.0041956976,0.045076825,0.5112673,387.0018,"(380, 390]",385.82224,"(380, 390]","(0.501, 0.506]","(0.461, 0.516]",147,"(146.0, 175.0]"
301,train,0,0.5010489,303,2022-03-29,1,0.0041956976,0.045076825,0.5112673,387.0018,"(380, 390]",385.82224,"(380, 390]","(0.501, 0.506]","(0.461, 0.516]",148,"(146.0, 175.0]"
252,train,0,0.5010489,254,2022-02-08,1,0.0041956976,0.045076825,0.5112673,387.0018,"(380, 390]",385.82224,"(380, 390]","(0.501, 0.506]","(0.461, 0.516]",149,"(146.0, 175.0]"
103,train,0,0.5010489,104,2021-09-12,1,0.0041956976,0.045076825,0.5112673,387.0018,"(380, 390]",385.82224,"(380, 390]","(0.501, 0.506]","(0.461, 0.516]",150,"(146.0, 175.0]"
213,train,0,0.5010489,214,2021-12-31,1,0.0041956976,0.045076825,0.5112673,387.0018,"(380, 390]",385.82224,"(380, 390]","(0.501, 0.506]","(0.461, 0.516]",151,"(146.0, 175.0]"
77,train,1,0.5010489,78,2021-08-17,1,0.0041956976,0.045076825,0.5112673,387.0018,"(380, 390]",385.82224,"(380, 390]","(0.501, 0.506]","(0.461, 0.516]",152,"(146.0, 175.0]"
52,train,0,0.5010489,53,2021-07-23,1,0.0041956976,0.045076825,0.5112673,387.0018,"(380, 390]",385.82224,"(380, 390]","(0.501, 0.506]","(0.461, 0.516]",153,"(146.0, 175.0]"
112,train,0,0.5010489,113,2021-09-21,1,0.0041956976,0.045076825,0.5112673,387.0018,"(380, 390]",385.82224,"(380, 390]","(0.501, 0.506]","(0.461, 0.516]",154,"(146.0, 175.0]"
164,train,0,0.5010489,165,2021-11-12,1,0.0041956976,0.045076825,0.5112673,387.0018,"(380, 390]",385.82224,"(380, 390]","(0.501, 0.506]","(0.461, 0.516]",155,"(146.0, 175.0]"
149,train,1,0.5010489,150,2021-10-28,1,0.0041956976,0.045076825,0.5112673,387.0018,"(380, 390]",385.82224,"(380, 390]","(0.501, 0.506]","(0.461, 0.516]",156,"(146.0, 175.0]"
151,train,1,0.5010489,152,2021-10-30,1,0.0041956976,0.045076825,0.5112673,387.0018,"(380, 390]",385.82224,"(380, 390]","(0.501, 0.506]","(0.461, 0.516]",157,"(146.0, 175.0]"
219,train,0,0.5010489,220,2022-01-06,1,0.0041956976,0.045076825,0.5112673,387.0018,"(380, 390]",385.82224,"(380, 390]","(0.501, 0.506]","(0.461, 0.516]",158,"(146.0, 175.0]"
86,train,0,0.5010489,87,2021-08-26,1,0.0041956976,0.045076825,0.5112673,387.0018,"(380, 390]",385.82224,"(380, 390]","(0.501, 0.506]","(0.461, 0.516]",159,"(146.0, 175.0]"
361,train,0,0.5010489,363,2022-05-28,1,0.0041956976,0.045076825,0.5112673,387.0018,"(380, 390]",385.82224,"(380, 390]","(0.501, 0.506]","(0.461, 0.516]",160,"(146.0, 175.0]"
10,train,0,0.5010489,10,2021-06-11,1,0.0041956976,0.045076825,0.5112673,387.0018,"(380, 390]",385.82224,"(380, 390]","(0.501, 0.506]","(0.461, 0.516]",161,"(146.0, 175.0]"
336,train,0,0.5010489,338,2022-05-03,1,0.0041956976,0.045076825,0.5112673,387.0018,"(380, 390]",385.82224,"(380, 390]","(0.501, 0.506]","(0.461, 0.516]",162,"(146.0, 175.0]"
305,train,1,0.5010489,307,2022-04-02,1,0.0041956976,0.045076825,0.5112673,387.0018,"(380, 390]",385.82224,"(380, 390]","(0.501, 0.506]","(0.461, 0.516]",163,"(146.0, 175.0]"
172,train,1,0.5010489,173,2021-11-20,1,0.0041956976,0.045076825,0.5112673,387.0018,"(380, 390]",385.82224,"(380, 390]","(0.501, 0.506]","(0.461, 0.516]",164,"(146.0, 175.0]"
355,train,1,0.5010489,357,2022-05-22,1,0.0041956976,0.045076825,0.5112673,387.0018,"(380, 390]",385.82224,"(380, 390]","(0.501, 0.506]","(0.461, 0.516]",165,"(146.0, 175.0]"
74,train,1,0.5010489,75,2021-08-14,1,0.0041956976,0.045076825,0.5112673,387.0018,"(380, 390]",385.82224,"(380, 390]","(0.501, 0.506]","(0.461, 0.516]",166,"(146.0, 175.0]"
327,train,1,0.5010489,329,2022-04-24,1,0.0041956976,0.045076825,0.5112673,387.0018,"(380, 390]",385.82224,"(380, 390]","(0.501, 0.506]","(0.461, 0.516]",167,"(146.0, 175.0]"
259,train,1,0.5010489,261,2022-02-15,1,0.0041956976,0.045076825,0.5112673,387.0018,"(380, 390]",385.82224,"(380, 390]","(0.501, 0.506]","(0.461, 0.516]",168,"(146.0, 175.0]"
206,train,0,0.5010489,207,2021-12-24,1,0.0041956976,0.045076825,0.5112673,387.0018,"(380, 390]",385.82224,"(380, 390]","(0.501, 0.506]","(0.461, 0.516]",169,"(146.0, 175.0]"
358,train,1,0.5010489,360,2022-05-25,1,0.0041956976,0.045076825,0.5112673,387.0018,"(380, 390]",385.82224,"(380, 390]","(0.501, 0.506]","(0.461, 0.516]",170,"(146.0, 175.0]"
34,train,1,0.5010489,34,2021-07-05,1,0.0041956976,0.045076825,0.5112673,387.0018,"(380, 390]",385.82224,"(380, 390]","(0.501, 0.506]","(0.461, 0.516]",171,"(146.0, 175.0]"
8,train,1,0.5010489,8,2021-06-09,1,0.0041956976,0.045076825,0.5112673,387.0018,"(380, 390]",385.82224,"(380, 390]","(0.501, 0.506]","(0.461, 0.516]",172,"(146.0, 175.0]"
46,train,0,0.5010489,47,2021-07-17,1,0.0041956976,0.045076825,0.5112673,387.0018,"(380, 390]",385.82224,"(380, 390]","(0.501, 0.506]","(0.461, 0.516]",173,"(146.0, 175.0]"
280,train,0,0.5010489,282,2022-03-08,1,0.0041956976,0.045076825,0.5112673,387.0018,"(380, 390]",385.82224,"(380, 390]","(0.501, 0.506]","(0.461, 0.516]",174,"(146.0, 175.0]"
349,train,0,0.5010489,351,2022-05-16,1,0.0041956976,0.045076825,0.5112673,387.0018,"(380, 390]",385.82224,"(380, 390]","(0.501, 0.506]","(0.461, 0.516]",175,"(146.0, 175.0]"
186,train,0,0.5010489,187,2021-12-04,1,0.0041956976,0.045076825,0.5112673,387.0018,"(380, 390]",385.82224,"(380, 390]","(0.501, 0.506]","(0.461, 0.516]",176,"(175.0, 204.0]"
359,train,1,0.5010489,361,2022-05-26,1,0.0041956976,0.045076825,0.5112673,387.0018,"(380, 390]",385.82224,"(380, 390]","(0.501, 0.506]","(0.461, 0.516]",177,"(175.0, 204.0]"
108,train,1,0.5010489,109,2021-09-17,1,0.0041956976,0.045076825,0.5112673,387.0018,"(380, 390]",385.82224,"(380, 390]","(0.501, 0.506]","(0.461, 0.516]",178,"(175.0, 204.0]"
191,train,1,0.5010489,192,2021-12-09,1,0.0041956976,0.045076825,0.5112673,387.0018,"(380, 390]",385.82224,"(380, 390]","(0.501, 0.506]","(0.461, 0.516]",179,"(175.0, 204.0]"
190,train,0,0.5010489,191,2021-12-08,1,0.0041956976,0.045076825,0.5112673,387.0018,"(380, 390]",385.82224,"(380, 390]","(0.501, 0.506]","(0.461, 0.516]",180,"(175.0, 204.0]"
346,train,1,0.5010489,348,2022-05-13,1,0.0041956976,0.045076825,0.5112673,387.0018,"(380, 390]",385.82224,"(380, 390]","(0.501, 0.506]","(0.461, 0.516]",181,"(175.0, 204.0]"
171,train,0,0.5010489,172,2021-11-19,1,0.0041956976,0.045076825,0.5112673,387.0018,"(380, 390]",385.82224,"(380, 390]","(0.501, 0.506]","(0.461, 0.516]",182,"(175.0, 204.0]"
207,train,0,0.5010489,208,2021-12-25,1,0.0041956976,0.045076825,0.5112673,387.0018,"(380, 390]",385.82224,"(380, 390]","(0.501, 0.506]","(0.461, 0.516]",183,"(175.0, 204.0]"
362,train,1,0.5010489,364,2022-05-29,1,0.0041956976,0.045076825,0.5112673,387.0018,"(380, 390]",385.82224,"(380, 390]","(0.501, 0.506]","(0.461, 0.516]",184,"(175.0, 204.0]"
357,train,1,0.5010489,359,2022-05-24,1,0.0041956976,0.045076825,0.5112673,387.0018,"(380, 390]",385.82224,"(380, 390]","(0.501, 0.506]","(0.461, 0.516]",185,"(175.0, 204.0]"
60,train,0,0.47577652,61,2021-07-31,1,-0.09696973,-1.2543197,0.22195329,389.9208,"(380, 390]",423.31488,"(420, 430]","(0.471, 0.476]","(0.182, 0.239]",186,"(175.0, 204.0]"
276,train,1,0.47577652,278,2022-03-04,1,-0.09696973,-1.2543197,0.22195329,389.9208,"(380, 390]",423.31488,"(420, 430]","(0.471, 0.476]","(0.182, 0.239]",187,"(175.0, 204.0]"
345,train,0,0.47577652,347,2022-05-12,1,-0.09696973,-1.2543197,0.22195329,389.9208,"(380, 390]",423.31488,"(420, 430]","(0.471, 0.476]","(0.182, 0.239]",188,"(175.0, 204.0]"
134,train,1,0.47577652,135,2021-10-13,1,-0.09696973,-1.2543197,0.22195329,389.9208,"(380, 390]",423.31488,"(420, 430]","(0.471, 0.476]","(0.182, 0.239]",189,"(175.0, 204.0]"
300,train,0,0.47577652,302,2022-03-28,1,-0.09696973,-1.2543197,0.22195329,389.9208,"(380, 390]",423.31488,"(420, 430]","(0.471, 0.476]","(0.182, 0.239]",190,"(175.0, 204.0]"
135,train,1,0.47577652,136,2021-10-14,1,-0.09696973,-1.2543197,0.22195329,389.9208,"(380, 390]",423.31488,"(420, 430]","(0.471, 0.476]","(0.182, 0.239]",191,"(175.0, 204.0]"
340,train,0,0.47577652,342,2022-05-07,1,-0.09696973,-1.2543197,0.22195329,389.9208,"(380, 390]",423.31488,"(420, 430]","(0.471, 0.476]","(0.182, 0.239]",192,"(175.0, 204.0]"
294,train,0,0.47577652,296,2022-03-22,1,-0.09696973,-1.2543197,0.22195329,389.9208,"(380, 390]",423.31488,"(420, 430]","(0.471, 0.476]","(0.182, 0.239]",193,"(175.0, 204.0]"
182,train,0,0.47577652,183,2021-11-30,1,-0.09696973,-1.2543197,0.22195329,389.9208,"(380, 390]",423.31488,"(420, 430]","(0.471, 0.476]","(0.182, 0.239]",194,"(175.0, 204.0]"
220,train,1,0.47577652,221,2022-01-07,1,-0.09696973,-1.2543197,0.22195329,389.9208,"(380, 390]",423.31488,"(420, 430]","(0.471, 0.476]","(0.182, 0.239]",195,"(175.0, 204.0]"
271,train,1,0.47577652,273,2022-02-27,1,-0.09696973,-1.2543197,0.22195329,389.9208,"(380, 390]",423.31488,"(420, 430]","(0.471, 0.476]","(0.182, 0.239]",196,"(175.0, 204.0]"
181,train,0,0.47577652,182,2021-11-29,1,-0.09696973,-1.2543197,0.22195329,389.9208,"(380, 390]",423.31488,"(420, 430]","(0.471, 0.476]","(0.182, 0.239]",197,"(175.0, 204.0]"
279,train,0,0.47577652,281,2022-03-07,1,-0.09696973,-1.2543197,0.22195329,389.9208,"(380, 390]",423.31488,"(420, 430]","(0.471, 0.476]","(0.182, 0.239]",198,"(175.0, 204.0]"
307,train,0,0.47577652,309,2022-04-04,1,-0.09696973,-1.2543197,0.22195329,389.9208,"(380, 390]",423.31488,"(420, 430]","(0.471, 0.476]","(0.182, 0.239]",199,"(175.0, 204.0]"
157,train,0,0.47577652,158,2021-11-05,1,-0.09696973,-1.2543197,0.22195329,389.9208,"(380, 390]",423.31488,"(420, 430]","(0.471, 0.476]","(0.182, 0.239]",200,"(175.0, 204.0]"
322,train,0,0.47577652,324,2022-04-19,1,-0.09696973,-1.2543197,0.22195329,389.9208,"(380, 390]",423.31488,"(420, 430]","(0.471, 0.476]","(0.182, 0.239]",201,"(175.0, 204.0]"
344,train,0,0.47577652,346,2022-05-11,1,-0.09696973,-1.2543197,0.22195329,389.9208,"(380, 390]",423.31488,"(420, 430]","(0.471, 0.476]","(0.182, 0.239]",202,"(175.0, 204.0]"
330,train,0,0.47577652,332,2022-04-27,1,-0.09696973,-1.2543197,0.22195329,389.9208,"(380, 390]",423.31488,"(420, 430]","(0.471, 0.476]","(0.182, 0.239]",203,"(175.0, 204.0]"
145,train,0,0.47577652,146,2021-10-24,1,-0.09696973,-1.2543197,0.22195329,389.9208,"(380, 390]",423.31488,"(420, 430]","(0.471, 0.476]","(0.182, 0.239]",204,"(175.0, 204.0]"
132,train,0,0.47577652,133,2021-10-11,1,-0.09696973,-1.2543197,0.22195329,389.9208,"(380, 390]",423.31488,"(420, 430]","(0.471, 0.476]","(0.182, 0.239]",205,"(204.0, 233.0]"
231,train,1,0.47577652,233,2022-01-18,1,-0.09696973,-1.2543197,0.22195329,389.9208,"(380, 390]",423.31488,"(420, 430]","(0.471, 0.476]","(0.182, 0.239]",206,"(204.0, 233.0]"
335,train,0,0.47577652,337,2022-05-02,1,-0.09696973,-1.2543197,0.22195329,389.9208,"(380, 390]",423.31488,"(420, 430]","(0.471, 0.476]","(0.182, 0.239]",207,"(204.0, 233.0]"
119,train,1,0.47577652,120,2021-09-28,1,-0.09696973,-1.2543197,0.22195329,389.9208,"(380, 390]",423.31488,"(420, 430]","(0.471, 0.476]","(0.182, 0.239]",208,"(204.0, 233.0]"
141,train,0,0.47577652,142,2021-10-20,1,-0.09696973,-1.2543197,0.22195329,389.9208,"(380, 390]",423.31488,"(420, 430]","(0.471, 0.476]","(0.182, 0.239]",209,"(204.0, 233.0]"
326,train,0,0.47577652,328,2022-04-23,1,-0.09696973,-1.2543197,0.22195329,389.9208,"(380, 390]",423.31488,"(420, 430]","(0.471, 0.476]","(0.182, 0.239]",210,"(204.0, 233.0]"
289,train,0,0.47577652,291,2022-03-17,1,-0.09696973,-1.2543197,0.22195329,389.9208,"(380, 390]",423.31488,"(420, 430]","(0.471, 0.476]","(0.182, 0.239]",211,"(204.0, 233.0]"
65,train,0,0.47577652,66,2021-08-05,1,-0.09696973,-1.2543197,0.22195329,389.9208,"(380, 390]",423.31488,"(420, 430]","(0.471, 0.476]","(0.182, 0.239]",212,"(204.0, 233.0]"
72,train,0,0.47577652,73,2021-08-12,1,-0.09696973,-1.2543197,0.22195329,389.9208,"(380, 390]",423.31488,"(420, 430]","(0.471, 0.476]","(0.182, 0.239]",213,"(204.0, 233.0]"
245,train,0,0.47577652,247,2022-02-01,1,-0.09696973,-1.2543197,0.22195329,389.9208,"(380, 390]",423.31488,"(420, 430]","(0.471, 0.476]","(0.182, 0.239]",214,"(204.0, 233.0]"
310,train,0,0.47577652,312,2022-04-07,1,-0.09696973,-1.2543197,0.22195329,389.9208,"(380, 390]",423.31488,"(420, 430]","(0.471, 0.476]","(0.182, 0.239]",215,"(204.0, 233.0]"
203,train,1,0.47577652,204,2021-12-21,1,-0.09696973,-1.2543197,0.22195329,389.9208,"(380, 390]",423.31488,"(420, 430]","(0.471, 0.476]","(0.182, 0.239]",216,"(204.0, 233.0]"
6,train,0,0.47577652,6,2021-06-07,1,-0.09696973,-1.2543197,0.22195329,389.9208,"(380, 390]",423.31488,"(420, 430]","(0.471, 0.476]","(0.182, 0.239]",217,"(204.0, 233.0]"
333,train,0,0.47577652,335,2022-04-30,1,-0.09696973,-1.2543197,0.22195329,389.9208,"(380, 390]",423.31488,"(420, 430]","(0.471, 0.476]","(0.182, 0.239]",218,"(204.0, 233.0]"
298,train,1,0.47577652,300,2022-03-26,1,-0.09696973,-1.2543197,0.22195329,389.9208,"(380, 390]",423.31488,"(420, 430]","(0.471, 0.476]","(0.182, 0.239]",219,"(204.0, 233.0]"
44,train,0,0.47577652,45,2021-07-15,1,-0.09696973,-1.2543197,0.22195329,389.9208,"(380, 390]",423.31488,"(420, 430]","(0.471, 0.476]","(0.182, 0.239]",220,"(204.0, 233.0]"
165,train,0,0.47577652,166,2021-11-13,1,-0.09696973,-1.2543197,0.22195329,389.9208,"(380, 390]",423.31488,"(420, 430]","(0.471, 0.476]","(0.182, 0.239]",221,"(204.0, 233.0]"
309,train,0,0.47577652,311,2022-04-06,1,-0.09696973,-1.2543197,0.22195329,389.9208,"(380, 390]",423.31488,"(420, 430]","(0.471, 0.476]","(0.182, 0.239]",222,"(204.0, 233.0]"
270,train,0,0.47577652,272,2022-02-26,1,-0.09696973,-1.2543197,0.22195329,389.9208,"(380, 390]",423.31488,"(420, 430]","(0.471, 0.476]","(0.182, 0.239]",223,"(204.0, 233.0]"
30,train,0,0.47577652,30,2021-07-01,1,-0.09696973,-1.2543197,0.22195329,389.9208,"(380, 390]",423.31488,"(420, 430]","(0.471, 0.476]","(0.182, 0.239]",224,"(204.0, 233.0]"
139,train,0,0.47577652,140,2021-10-18,1,-0.09696973,-1.2543197,0.22195329,389.9208,"(380, 390]",423.31488,"(420, 430]","(0.471, 0.476]","(0.182, 0.239]",225,"(204.0, 233.0]"
124,train,0,0.47577652,125,2021-10-03,1,-0.09696973,-1.2543197,0.22195329,389.9208,"(380, 390]",423.31488,"(420, 430]","(0.471, 0.476]","(0.182, 0.239]",226,"(204.0, 233.0]"
56,train,0,0.47577652,57,2021-07-27,1,-0.09696973,-1.2543197,0.22195329,389.9208,"(380, 390]",423.31488,"(420, 430]","(0.471, 0.476]","(0.182, 0.239]",227,"(204.0, 233.0]"
274,train,1,0.47577652,276,2022-03-02,1,-0.09696973,-1.2543197,0.22195329,389.9208,"(380, 390]",423.31488,"(420, 430]","(0.471, 0.476]","(0.182, 0.239]",228,"(204.0, 233.0]"
88,train,0,0.47577652,89,2021-08-28,1,-0.09696973,-1.2543197,0.22195329,389.9208,"(380, 390]",423.31488,"(420, 430]","(0.471, 0.476]","(0.182, 0.239]",229,"(204.0, 233.0]"
50,train,0,0.47577652,51,2021-07-21,1,-0.09696973,-1.2543197,0.22195329,389.9208,"(380, 390]",423.31488,"(420, 430]","(0.471, 0.476]","(0.182, 0.239]",230,"(204.0, 233.0]"
325,train,0,0.47577652,327,2022-04-22,1,-0.09696973,-1.2543197,0.22195329,389.9208,"(380, 390]",423.31488,"(420, 430]","(0.471, 0.476]","(0.182, 0.239]",231,"(204.0, 233.0]"
43,train,0,0.47577652,44,2021-07-14,1,-0.09696973,-1.2543197,0.22195329,389.9208,"(380, 390]",423.31488,"(420, 430]","(0.471, 0.476]","(0.182, 0.239]",232,"(204.0, 233.0]"
272,train,0,0.47577652,274,2022-02-28,1,-0.09696973,-1.2543197,0.22195329,389.9208,"(380, 390]",423.31488,"(420, 430]","(0.471, 0.476]","(0.182, 0.239]",233,"(204.0, 233.0]"
338,train,0,0.47577652,340,2022-05-05,1,-0.09696973,-1.2543197,0.22195329,389.9208,"(380, 390]",423.31488,"(420, 430]","(0.471, 0.476]","(0.182, 0.239]",234,"(233.0, 262.0]"
140,train,1,0.47577652,141,2021-10-19,1,-0.09696973,-1.2543197,0.22195329,389.9208,"(380, 390]",423.31488,"(420, 430]","(0.471, 0.476]","(0.182, 0.239]",235,"(233.0, 262.0]"
343,train,1,0.47577652,345,2022-05-10,1,-0.09696973,-1.2543197,0.22195329,389.9208,"(380, 390]",423.31488,"(420, 430]","(0.471, 0.476]","(0.182, 0.239]",236,"(233.0, 262.0]"
136,train,0,0.47577652,137,2021-10-15,1,-0.09696973,-1.2543197,0.22195329,389.9208,"(380, 390]",423.31488,"(420, 430]","(0.471, 0.476]","(0.182, 0.239]",237,"(233.0, 262.0]"
318,train,1,0.47577652,320,2022-04-15,1,-0.09696973,-1.2543197,0.22195329,389.9208,"(380, 390]",423.31488,"(420, 430]","(0.471, 0.476]","(0.182, 0.239]",238,"(233.0, 262.0]"
202,train,1,0.47577652,203,2021-12-20,1,-0.09696973,-1.2543197,0.22195329,389.9208,"(380, 390]",423.31488,"(420, 430]","(0.471, 0.476]","(0.182, 0.239]",239,"(233.0, 262.0]"
59,train,0,0.47577652,60,2021-07-30,1,-0.09696973,-1.2543197,0.22195329,389.9208,"(380, 390]",423.31488,"(420, 430]","(0.471, 0.476]","(0.182, 0.239]",240,"(233.0, 262.0]"
101,train,0,0.47577652,102,2021-09-10,1,-0.09696973,-1.2543197,0.22195329,389.9208,"(380, 390]",423.31488,"(420, 430]","(0.471, 0.476]","(0.182, 0.239]",241,"(233.0, 262.0]"
142,train,0,0.47577652,143,2021-10-21,1,-0.09696973,-1.2543197,0.22195329,389.9208,"(380, 390]",423.31488,"(420, 430]","(0.471, 0.476]","(0.182, 0.239]",242,"(233.0, 262.0]"
16,train,0,0.47577652,16,2021-06-17,1,-0.09696973,-1.2543197,0.22195329,389.9208,"(380, 390]",423.31488,"(420, 430]","(0.471, 0.476]","(0.182, 0.239]",243,"(233.0, 262.0]"
200,train,0,0.47577652,201,2021-12-18,1,-0.09696973,-1.2543197,0.22195329,389.9208,"(380, 390]",423.31488,"(420, 430]","(0.471, 0.476]","(0.182, 0.239]",244,"(233.0, 262.0]"
251,train,0,0.47577652,253,2022-02-07,1,-0.09696973,-1.2543197,0.22195329,389.9208,"(380, 390]",423.31488,"(420, 430]","(0.471, 0.476]","(0.182, 0.239]",245,"(233.0, 262.0]"
234,train,0,0.47577652,236,2022-01-21,1,-0.09696973,-1.2543197,0.22195329,389.9208,"(380, 390]",423.31488,"(420, 430]","(0.471, 0.476]","(0.182, 0.239]",246,"(233.0, 262.0]"
138,train,1,0.47577652,139,2021-10-17,1,-0.09696973,-1.2543197,0.22195329,389.9208,"(380, 390]",423.31488,"(420, 430]","(0.471, 0.476]","(0.182, 0.239]",247,"(233.0, 262.0]"
156,train,1,0.47124386,157,2021-11-04,1,-0.11515163,-1.4878529,0.18424422,390.44543,"(390, 400]",430.05322,"(430, 440]","(0.471, 0.476]","(0.182, 0.239]",248,"(233.0, 262.0]"
192,train,0,0.47124386,193,2021-12-10,1,-0.11515163,-1.4878529,0.18424422,390.44543,"(390, 400]",430.05322,"(430, 440]","(0.471, 0.476]","(0.182, 0.239]",249,"(233.0, 262.0]"
244,train,0,0.47124386,246,2022-01-31,1,-0.11515163,-1.4878529,0.18424422,390.44543,"(390, 400]",430.05322,"(430, 440]","(0.471, 0.476]","(0.182, 0.239]",250,"(233.0, 262.0]"
246,train,1,0.47124386,248,2022-02-02,1,-0.11515163,-1.4878529,0.18424422,390.44543,"(390, 400]",430.05322,"(430, 440]","(0.471, 0.476]","(0.182, 0.239]",251,"(233.0, 262.0]"
70,train,0,0.47124386,71,2021-08-10,1,-0.11515163,-1.4878529,0.18424422,390.44543,"(390, 400]",430.05322,"(430, 440]","(0.471, 0.476]","(0.182, 0.239]",252,"(233.0, 262.0]"
57,train,0,0.47124386,58,2021-07-28,1,-0.11515163,-1.4878529,0.18424422,390.44543,"(390, 400]",430.05322,"(430, 440]","(0.471, 0.476]","(0.182, 0.239]",253,"(233.0, 262.0]"
55,train,0,0.47124386,56,2021-07-26,1,-0.11515163,-1.4878529,0.18424422,390.44543,"(390, 400]",430.05322,"(430, 440]","(0.471, 0.476]","(0.182, 0.239]",254,"(233.0, 262.0]"
216,train,0,0.47124386,217,2022-01-03,1,-0.11515163,-1.4878529,0.18424422,390.44543,"(390, 400]",430.05322,"(430, 440]","(0.471, 0.476]","(0.182, 0.239]",255,"(233.0, 262.0]"
188,train,0,0.47124386,189,2021-12-06,1,-0.11515163,-1.4878529,0.18424422,390.44543,"(390, 400]",430.05322,"(430, 440]","(0.471, 0.476]","(0.182, 0.239]",256,"(233.0, 262.0]"
126,train,0,0.47124386,127,2021-10-05,1,-0.11515163,-1.4878529,0.18424422,390.44543,"(390, 400]",430.05322,"(430, 440]","(0.471, 0.476]","(0.182, 0.239]",257,"(233.0, 262.0]"
129,train,1,0.47124386,130,2021-10-08,1,-0.11515163,-1.4878529,0.18424422,390.44543,"(390, 400]",430.05322,"(430, 440]","(0.471, 0.476]","(0.182, 0.239]",258,"(233.0, 262.0]"
15,train,0,0.47124386,15,2021-06-16,1,-0.11515163,-1.4878529,0.18424422,390.44543,"(390, 400]",430.05322,"(430, 440]","(0.471, 0.476]","(0.182, 0.239]",259,"(233.0, 262.0]"
75,train,0,0.47124386,76,2021-08-15,1,-0.11515163,-1.4878529,0.18424422,390.44543,"(390, 400]",430.05322,"(430, 440]","(0.471, 0.476]","(0.182, 0.239]",260,"(233.0, 262.0]"
197,train,0,0.47124386,198,2021-12-15,1,-0.11515163,-1.4878529,0.18424422,390.44543,"(390, 400]",430.05322,"(430, 440]","(0.471, 0.476]","(0.182, 0.239]",261,"(233.0, 262.0]"
199,train,0,0.47124386,200,2021-12-17,1,-0.11515163,-1.4878529,0.18424422,390.44543,"(390, 400]",430.05322,"(430, 440]","(0.471, 0.476]","(0.182, 0.239]",262,"(233.0, 262.0]"
73,train,0,0.47124386,74,2021-08-13,1,-0.11515163,-1.4878529,0.18424422,390.44543,"(390, 400]",430.05322,"(430, 440]","(0.471, 0.476]","(0.182, 0.239]",263,"(262.0, 291.0]"
91,train,0,0.47124386,92,2021-08-31,1,-0.11515163,-1.4878529,0.18424422,390.44543,"(390, 400]",430.05322,"(430, 440]","(0.471, 0.476]","(0.182, 0.239]",264,"(262.0, 291.0]"
127,train,0,0.47124386,128,2021-10-06,1,-0.11515163,-1.4878529,0.18424422,390.44543,"(390, 400]",430.05322,"(430, 440]","(0.471, 0.476]","(0.182, 0.239]",265,"(262.0, 291.0]"
14,train,0,0.47124386,14,2021-06-15,1,-0.11515163,-1.4878529,0.18424422,390.44543,"(390, 400]",430.05322,"(430, 440]","(0.471, 0.476]","(0.182, 0.239]",266,"(262.0, 291.0]"
31,train,0,0.47124386,31,2021-07-02,1,-0.11515163,-1.4878529,0.18424422,390.44543,"(390, 400]",430.05322,"(430, 440]","(0.471, 0.476]","(0.182, 0.239]",267,"(262.0, 291.0]"
225,train,0,0.47124386,226,2022-01-12,1,-0.11515163,-1.4878529,0.18424422,390.44543,"(390, 400]",430.05322,"(430, 440]","(0.471, 0.476]","(0.182, 0.239]",268,"(262.0, 291.0]"
144,train,0,0.47124386,145,2021-10-23,1,-0.11515163,-1.4878529,0.18424422,390.44543,"(390, 400]",430.05322,"(430, 440]","(0.471, 0.476]","(0.182, 0.239]",269,"(262.0, 291.0]"
106,train,0,0.47124386,107,2021-09-15,1,-0.11515163,-1.4878529,0.18424422,390.44543,"(390, 400]",430.05322,"(430, 440]","(0.471, 0.476]","(0.182, 0.239]",270,"(262.0, 291.0]"
143,train,0,0.47124386,144,2021-10-22,1,-0.11515163,-1.4878529,0.18424422,390.44543,"(390, 400]",430.05322,"(430, 440]","(0.471, 0.476]","(0.182, 0.239]",271,"(262.0, 291.0]"
189,train,0,0.47124386,190,2021-12-07,1,-0.11515163,-1.4878529,0.18424422,390.44543,"(390, 400]",430.05322,"(430, 440]","(0.471, 0.476]","(0.182, 0.239]",272,"(262.0, 291.0]"
61,train,0,0.47124386,62,2021-08-01,1,-0.11515163,-1.4878529,0.18424422,390.44543,"(390, 400]",430.05322,"(430, 440]","(0.471, 0.476]","(0.182, 0.239]",273,"(262.0, 291.0]"
12,train,1,0.47124386,12,2021-06-13,1,-0.11515163,-1.4878529,0.18424422,390.44543,"(390, 400]",430.05322,"(430, 440]","(0.471, 0.476]","(0.182, 0.239]",274,"(262.0, 291.0]"
212,train,1,0.47124386,213,2021-12-30,1,-0.11515163,-1.4878529,0.18424422,390.44543,"(390, 400]",430.05322,"(430, 440]","(0.471, 0.476]","(0.182, 0.239]",275,"(262.0, 291.0]"
76,train,0,0.47124386,77,2021-08-16,1,-0.11515163,-1.4878529,0.18424422,390.44543,"(390, 400]",430.05322,"(430, 440]","(0.471, 0.476]","(0.182, 0.239]",276,"(262.0, 291.0]"
329,train,0,0.47108495,331,2022-04-26,1,-0.11578938,-1.4960445,0.18301621,390.46384,"(390, 400]",430.28958,"(430, 440]","(0.471, 0.476]","(0.182, 0.239]",277,"(262.0, 291.0]"
291,train,1,0.47108495,293,2022-03-19,1,-0.11578938,-1.4960445,0.18301621,390.46384,"(390, 400]",430.28958,"(430, 440]","(0.471, 0.476]","(0.182, 0.239]",278,"(262.0, 291.0]"
308,train,0,0.47108495,310,2022-04-05,1,-0.11578938,-1.4960445,0.18301621,390.46384,"(390, 400]",430.28958,"(430, 440]","(0.471, 0.476]","(0.182, 0.239]",279,"(262.0, 291.0]"
360,train,0,0.47108495,362,2022-05-27,1,-0.11578938,-1.4960445,0.18301621,390.46384,"(390, 400]",430.28958,"(430, 440]","(0.471, 0.476]","(0.182, 0.239]",280,"(262.0, 291.0]"
268,train,0,0.47108495,270,2022-02-24,1,-0.11578938,-1.4960445,0.18301621,390.46384,"(390, 400]",430.28958,"(430, 440]","(0.471, 0.476]","(0.182, 0.239]",281,"(262.0, 291.0]"
287,train,0,0.47108495,289,2022-03-15,1,-0.11578938,-1.4960445,0.18301621,390.46384,"(390, 400]",430.28958,"(430, 440]","(0.471, 0.476]","(0.182, 0.239]",282,"(262.0, 291.0]"
263,train,0,0.47108495,265,2022-02-19,1,-0.11578938,-1.4960445,0.18301621,390.46384,"(390, 400]",430.28958,"(430, 440]","(0.471, 0.476]","(0.182, 0.239]",283,"(262.0, 291.0]"
321,train,0,0.47108495,323,2022-04-18,1,-0.11578938,-1.4960445,0.18301621,390.46384,"(390, 400]",430.28958,"(430, 440]","(0.471, 0.476]","(0.182, 0.239]",284,"(262.0, 291.0]"
267,train,0,0.47108495,269,2022-02-23,1,-0.11578938,-1.4960445,0.18301621,390.46384,"(390, 400]",430.28958,"(430, 440]","(0.471, 0.476]","(0.182, 0.239]",285,"(262.0, 291.0]"
254,train,1,0.47108495,256,2022-02-10,1,-0.11578938,-1.4960445,0.18301621,390.46384,"(390, 400]",430.28958,"(430, 440]","(0.471, 0.476]","(0.182, 0.239]",286,"(262.0, 291.0]"
49,train,0,0.47108495,50,2021-07-20,1,-0.11578938,-1.4960445,0.18301621,390.46384,"(390, 400]",430.28958,"(430, 440]","(0.471, 0.476]","(0.182, 0.239]",287,"(262.0, 291.0]"
295,train,0,0.47108495,297,2022-03-23,1,-0.11578938,-1.4960445,0.18301621,390.46384,"(390, 400]",430.28958,"(430, 440]","(0.471, 0.476]","(0.182, 0.239]",288,"(262.0, 291.0]"
353,train,0,0.47108495,355,2022-05-20,1,-0.11578938,-1.4960445,0.18301621,390.46384,"(390, 400]",430.28958,"(430, 440]","(0.471, 0.476]","(0.182, 0.239]",289,"(262.0, 291.0]"
352,train,0,0.47108495,354,2022-05-19,1,-0.11578938,-1.4960445,0.18301621,390.46384,"(390, 400]",430.28958,"(430, 440]","(0.471, 0.476]","(0.182, 0.239]",290,"(262.0, 291.0]"
45,train,0,0.47108495,46,2021-07-16,1,-0.11578938,-1.4960445,0.18301621,390.46384,"(390, 400]",430.28958,"(430, 440]","(0.471, 0.476]","(0.182, 0.239]",291,"(262.0, 291.0]"
286,test,1,0.5203591,288,2022-03-14,1,0.081481464,1.0377564,0.7384169,384.77182,"(380, 390]",357.17953,"(350, 360]","(0.515, 0.52]","(0.683, 0.738]",1,"(0.928, 8.2]"
257,test,0,0.5203591,259,2022-02-13,1,0.081481464,1.0377564,0.7384169,384.77182,"(380, 390]",357.17953,"(350, 360]","(0.515, 0.52]","(0.683, 0.738]",2,"(0.928, 8.2]"
161,test,0,0.5203591,162,2021-11-09,1,0.081481464,1.0377564,0.7384169,384.77182,"(380, 390]",357.17953,"(350, 360]","(0.515, 0.52]","(0.683, 0.738]",3,"(0.928, 8.2]"
320,test,0,0.5203591,322,2022-04-17,1,0.081481464,1.0377564,0.7384169,384.77182,"(380, 390]",357.17953,"(350, 360]","(0.515, 0.52]","(0.683, 0.738]",4,"(0.928, 8.2]"
163,test,1,0.51666045,164,2021-11-11,1,0.06666654,0.8474695,0.70003605,385.19928,"(380, 390]",362.67007,"(360, 370]","(0.515, 0.52]","(0.683, 0.738]",5,"(0.928, 8.2]"
296,test,1,0.51666045,298,2022-03-24,1,0.06666654,0.8474695,0.70003605,385.19928,"(380, 390]",362.67007,"(360, 370]","(0.515, 0.52]","(0.683, 0.738]",6,"(0.928, 8.2]"
324,test,1,0.51666045,326,2022-04-21,1,0.06666654,0.8474695,0.70003605,385.19928,"(380, 390]",362.67007,"(360, 370]","(0.515, 0.52]","(0.683, 0.738]",7,"(0.928, 8.2]"
25,test,1,0.51666045,25,2021-06-26,1,0.06666654,0.8474695,0.70003605,385.19928,"(380, 390]",362.67007,"(360, 370]","(0.515, 0.52]","(0.683, 0.738]",8,"(0.928, 8.2]"
269,test,1,0.51666045,271,2022-02-25,1,0.06666654,0.8474695,0.70003605,385.19928,"(380, 390]",362.67007,"(360, 370]","(0.515, 0.52]","(0.683, 0.738]",9,"(8.2, 15.4]"
261,test,1,0.51666045,263,2022-02-17,1,0.06666654,0.8474695,0.70003605,385.19928,"(380, 390]",362.67007,"(360, 370]","(0.515, 0.52]","(0.683, 0.738]",10,"(8.2, 15.4]"
38,test,0,0.51666045,39,2021-07-09,1,0.06666654,0.8474695,0.70003605,385.19928,"(380, 390]",362.67007,"(360, 370]","(0.515, 0.52]","(0.683, 0.738]",11,"(8.2, 15.4]"
125,test,0,0.51666045,126,2021-10-04,1,0.06666654,0.8474695,0.70003605,385.19928,"(380, 390]",362.67007,"(360, 370]","(0.515, 0.52]","(0.683, 0.738]",12,"(8.2, 15.4]"
95,test,1,0.5010489,96,2021-09-04,1,0.0041956976,0.045076825,0.5112673,387.0018,"(380, 390]",385.82224,"(380, 390]","(0.501, 0.506]","(0.461, 0.516]",13,"(8.2, 15.4]"
160,test,1,0.5010489,161,2021-11-08,1,0.0041956976,0.045076825,0.5112673,387.0018,"(380, 390]",385.82224,"(380, 390]","(0.501, 0.506]","(0.461, 0.516]",14,"(8.2, 15.4]"
265,test,0,0.5010489,267,2022-02-21,1,0.0041956976,0.045076825,0.5112673,387.0018,"(380, 390]",385.82224,"(380, 390]","(0.501, 0.506]","(0.461, 0.516]",15,"(8.2, 15.4]"
98,test,0,0.5010489,99,2021-09-07,1,0.0041956976,0.045076825,0.5112673,387.0018,"(380, 390]",385.82224,"(380, 390]","(0.501, 0.506]","(0.461, 0.516]",16,"(15.4, 22.6]"
123,test,0,0.5010489,124,2021-10-02,1,0.0041956976,0.045076825,0.5112673,387.0018,"(380, 390]",385.82224,"(380, 390]","(0.501, 0.506]","(0.461, 0.516]",17,"(15.4, 22.6]"
117,test,0,0.5010489,118,2021-09-26,1,0.0041956976,0.045076825,0.5112673,387.0018,"(380, 390]",385.82224,"(380, 390]","(0.501, 0.506]","(0.461, 0.516]",18,"(15.4, 22.6]"
232,test,1,0.5010489,234,2022-01-19,1,0.0041956976,0.045076825,0.5112673,387.0018,"(380, 390]",385.82224,"(380, 390]","(0.501, 0.506]","(0.461, 0.516]",19,"(15.4, 22.6]"
3,test,1,0.5010489,3,2021-06-04,1,0.0041956976,0.045076825,0.5112673,387.0018,"(380, 390]",385.82224,"(380, 390]","(0.501, 0.506]","(0.461, 0.516]",20,"(15.4, 22.6]"
195,test,0,0.5010489,196,2021-12-13,1,0.0041956976,0.045076825,0.5112673,387.0018,"(380, 390]",385.82224,"(380, 390]","(0.501, 0.506]","(0.461, 0.516]",21,"(15.4, 22.6]"
323,test,0,0.5010489,325,2022-04-20,1,0.0041956976,0.045076825,0.5112673,387.0018,"(380, 390]",385.82224,"(380, 390]","(0.501, 0.506]","(0.461, 0.516]",22,"(15.4, 22.6]"
334,test,0,0.5010489,336,2022-05-01,1,0.0041956976,0.045076825,0.5112673,387.0018,"(380, 390]",385.82224,"(380, 390]","(0.501, 0.506]","(0.461, 0.516]",23,"(22.6, 29.8]"
347,test,0,0.5010489,349,2022-05-14,1,0.0041956976,0.045076825,0.5112673,387.0018,"(380, 390]",385.82224,"(380, 390]","(0.501, 0.506]","(0.461, 0.516]",24,"(22.6, 29.8]"
62,test,0,0.5010489,63,2021-08-02,1,0.0041956976,0.045076825,0.5112673,387.0018,"(380, 390]",385.82224,"(380, 390]","(0.501, 0.506]","(0.461, 0.516]",25,"(22.6, 29.8]"
218,test,0,0.5010489,219,2022-01-05,1,0.0041956976,0.045076825,0.5112673,387.0018,"(380, 390]",385.82224,"(380, 390]","(0.501, 0.506]","(0.461, 0.516]",26,"(22.6, 29.8]"
94,test,1,0.5010489,95,2021-09-03,1,0.0041956976,0.045076825,0.5112673,387.0018,"(380, 390]",385.82224,"(380, 390]","(0.501, 0.506]","(0.461, 0.516]",27,"(22.6, 29.8]"
235,test,1,0.5010489,237,2022-01-22,1,0.0041956976,0.045076825,0.5112673,387.0018,"(380, 390]",385.82224,"(380, 390]","(0.501, 0.506]","(0.461, 0.516]",28,"(22.6, 29.8]"
54,test,1,0.5010489,55,2021-07-25,1,0.0041956976,0.045076825,0.5112673,387.0018,"(380, 390]",385.82224,"(380, 390]","(0.501, 0.506]","(0.461, 0.516]",29,"(22.6, 29.8]"
363,test,0,0.5010489,365,2022-05-30,1,0.0041956976,0.045076825,0.5112673,387.0018,"(380, 390]",385.82224,"(380, 390]","(0.501, 0.506]","(0.461, 0.516]",30,"(29.8, 37.0]"
85,test,0,0.5010489,86,2021-08-25,1,0.0041956976,0.045076825,0.5112673,387.0018,"(380, 390]",385.82224,"(380, 390]","(0.501, 0.506]","(0.461, 0.516]",31,"(29.8, 37.0]"
179,test,0,0.5010489,180,2021-11-27,1,0.0041956976,0.045076825,0.5112673,387.0018,"(380, 390]",385.82224,"(380, 390]","(0.501, 0.506]","(0.461, 0.516]",32,"(29.8, 37.0]"
23,test,0,0.5010489,23,2021-06-24,1,0.0041956976,0.045076825,0.5112673,387.0018,"(380, 390]",385.82224,"(380, 390]","(0.501, 0.506]","(0.461, 0.516]",33,"(29.8, 37.0]"
87,test,0,0.5010489,88,2021-08-27,1,0.0041956976,0.045076825,0.5112673,387.0018,"(380, 390]",385.82224,"(380, 390]","(0.501, 0.506]","(0.461, 0.516]",34,"(29.8, 37.0]"
226,test,1,0.5010489,227,2022-01-13,1,0.0041956976,0.045076825,0.5112673,387.0018,"(380, 390]",385.82224,"(380, 390]","(0.501, 0.506]","(0.461, 0.516]",35,"(29.8, 37.0]"
332,test,0,0.5010489,334,2022-04-29,1,0.0041956976,0.045076825,0.5112673,387.0018,"(380, 390]",385.82224,"(380, 390]","(0.501, 0.506]","(0.461, 0.516]",36,"(29.8, 37.0]"
81,test,0,0.5010489,82,2021-08-21,1,0.0041956976,0.045076825,0.5112673,387.0018,"(380, 390]",385.82224,"(380, 390]","(0.501, 0.506]","(0.461, 0.516]",37,"(29.8, 37.0]"
154,test,0,0.5010489,155,2021-11-02,1,0.0041956976,0.045076825,0.5112673,387.0018,"(380, 390]",385.82224,"(380, 390]","(0.501, 0.506]","(0.461, 0.516]",38,"(37.0, 44.2]"
217,test,0,0.5010489,218,2022-01-04,1,0.0041956976,0.045076825,0.5112673,387.0018,"(380, 390]",385.82224,"(380, 390]","(0.501, 0.506]","(0.461, 0.516]",39,"(37.0, 44.2]"
99,test,0,0.5010489,100,2021-09-08,1,0.0041956976,0.045076825,0.5112673,387.0018,"(380, 390]",385.82224,"(380, 390]","(0.501, 0.506]","(0.461, 0.516]",40,"(37.0, 44.2]"
221,test,1,0.5010489,222,2022-01-08,1,0.0041956976,0.045076825,0.5112673,387.0018,"(380, 390]",385.82224,"(380, 390]","(0.501, 0.506]","(0.461, 0.516]",41,"(37.0, 44.2]"
158,test,1,0.5010489,159,2021-11-06,1,0.0041956976,0.045076825,0.5112673,387.0018,"(380, 390]",385.82224,"(380, 390]","(0.501, 0.506]","(0.461, 0.516]",42,"(37.0, 44.2]"
4,test,0,0.5010489,4,2021-06-05,1,0.0041956976,0.045076825,0.5112673,387.0018,"(380, 390]",385.82224,"(380, 390]","(0.501, 0.506]","(0.461, 0.516]",43,"(37.0, 44.2]"
227,test,0,0.5010489,228,2022-01-14,1,0.0041956976,0.045076825,0.5112673,387.0018,"(380, 390]",385.82224,"(380, 390]","(0.501, 0.506]","(0.461, 0.516]",44,"(37.0, 44.2]"
184,test,0,0.47577652,185,2021-12-02,1,-0.09696973,-1.2543197,0.22195329,389.9208,"(380, 390]",423.31488,"(420, 430]","(0.471, 0.476]","(0.182, 0.239]",45,"(44.2, 51.4]"
205,test,0,0.47577652,206,2021-12-23,1,-0.09696973,-1.2543197,0.22195329,389.9208,"(380, 390]",423.31488,"(420, 430]","(0.471, 0.476]","(0.182, 0.239]",46,"(44.2, 51.4]"
201,test,1,0.47577652,202,2021-12-19,1,-0.09696973,-1.2543197,0.22195329,389.9208,"(380, 390]",423.31488,"(420, 430]","(0.471, 0.476]","(0.182, 0.239]",47,"(44.2, 51.4]"
284,test,1,0.47577652,286,2022-03-12,1,-0.09696973,-1.2543197,0.22195329,389.9208,"(380, 390]",423.31488,"(420, 430]","(0.471, 0.476]","(0.182, 0.239]",48,"(44.2, 51.4]"
282,test,0,0.47577652,284,2022-03-10,1,-0.09696973,-1.2543197,0.22195329,389.9208,"(380, 390]",423.31488,"(420, 430]","(0.471, 0.476]","(0.182, 0.239]",49,"(44.2, 51.4]"
304,test,0,0.47577652,306,2022-04-01,1,-0.09696973,-1.2543197,0.22195329,389.9208,"(380, 390]",423.31488,"(420, 430]","(0.471, 0.476]","(0.182, 0.239]",50,"(44.2, 51.4]"
237,test,1,0.47577652,239,2022-01-24,1,-0.09696973,-1.2543197,0.22195329,389.9208,"(380, 390]",423.31488,"(420, 430]","(0.471, 0.476]","(0.182, 0.239]",51,"(44.2, 51.4]"
317,test,1,0.47577652,319,2022-04-14,1,-0.09696973,-1.2543197,0.22195329,389.9208,"(380, 390]",423.31488,"(420, 430]","(0.471, 0.476]","(0.182, 0.239]",52,"(51.4, 58.6]"
331,test,1,0.47577652,333,2022-04-28,1,-0.09696973,-1.2543197,0.22195329,389.9208,"(380, 390]",423.31488,"(420, 430]","(0.471, 0.476]","(0.182, 0.239]",53,"(51.4, 58.6]"
341,test,1,0.47577652,343,2022-05-08,1,-0.09696973,-1.2543197,0.22195329,389.9208,"(380, 390]",423.31488,"(420, 430]","(0.471, 0.476]","(0.182, 0.239]",54,"(51.4, 58.6]"
236,test,1,0.47577652,238,2022-01-23,1,-0.09696973,-1.2543197,0.22195329,389.9208,"(380, 390]",423.31488,"(420, 430]","(0.471, 0.476]","(0.182, 0.239]",55,"(51.4, 58.6]"
277,test,1,0.47577652,279,2022-03-05,1,-0.09696973,-1.2543197,0.22195329,389.9208,"(380, 390]",423.31488,"(420, 430]","(0.471, 0.476]","(0.182, 0.239]",56,"(51.4, 58.6]"
292,test,1,0.47577652,294,2022-03-20,1,-0.09696973,-1.2543197,0.22195329,389.9208,"(380, 390]",423.31488,"(420, 430]","(0.471, 0.476]","(0.182, 0.239]",57,"(51.4, 58.6]"
150,test,0,0.47577652,151,2021-10-29,1,-0.09696973,-1.2543197,0.22195329,389.9208,"(380, 390]",423.31488,"(420, 430]","(0.471, 0.476]","(0.182, 0.239]",58,"(51.4, 58.6]"
177,test,0,0.47577652,178,2021-11-25,1,-0.09696973,-1.2543197,0.22195329,389.9208,"(380, 390]",423.31488,"(420, 430]","(0.471, 0.476]","(0.182, 0.239]",59,"(58.6, 65.8]"
128,test,1,0.47577652,129,2021-10-07,1,-0.09696973,-1.2543197,0.22195329,389.9208,"(380, 390]",423.31488,"(420, 430]","(0.471, 0.476]","(0.182, 0.239]",60,"(58.6, 65.8]"
354,test,0,0.47577652,356,2022-05-21,1,-0.09696973,-1.2543197,0.22195329,389.9208,"(380, 390]",423.31488,"(420, 430]","(0.471, 0.476]","(0.182, 0.239]",61,"(58.6, 65.8]"
105,test,0,0.47577652,106,2021-09-14,1,-0.09696973,-1.2543197,0.22195329,389.9208,"(380, 390]",423.31488,"(420, 430]","(0.471, 0.476]","(0.182, 0.239]",62,"(58.6, 65.8]"
37,test,0,0.47577652,38,2021-07-08,1,-0.09696973,-1.2543197,0.22195329,389.9208,"(380, 390]",423.31488,"(420, 430]","(0.471, 0.476]","(0.182, 0.239]",63,"(58.6, 65.8]"
170,test,0,0.47124386,171,2021-11-18,1,-0.11515163,-1.4878529,0.18424422,390.44543,"(390, 400]",430.05322,"(430, 440]","(0.471, 0.476]","(0.182, 0.239]",64,"(58.6, 65.8]"
11,test,1,0.47124386,11,2021-06-12,1,-0.11515163,-1.4878529,0.18424422,390.44543,"(390, 400]",430.05322,"(430, 440]","(0.471, 0.476]","(0.182, 0.239]",65,"(58.6, 65.8]"
83,test,0,0.47124386,84,2021-08-23,1,-0.11515163,-1.4878529,0.18424422,390.44543,"(390, 400]",430.05322,"(430, 440]","(0.471, 0.476]","(0.182, 0.239]",66,"(65.8, 73.0]"
247,test,1,0.47124386,249,2022-02-03,1,-0.11515163,-1.4878529,0.18424422,390.44543,"(390, 400]",430.05322,"(430, 440]","(0.471, 0.476]","(0.182, 0.239]",67,"(65.8, 73.0]"
100,test,1,0.47124386,101,2021-09-09,1,-0.11515163,-1.4878529,0.18424422,390.44543,"(390, 400]",430.05322,"(430, 440]","(0.471, 0.476]","(0.182, 0.239]",68,"(65.8, 73.0]"
183,test,0,0.47124386,184,2021-12-01,1,-0.11515163,-1.4878529,0.18424422,390.44543,"(390, 400]",430.05322,"(430, 440]","(0.471, 0.476]","(0.182, 0.239]",69,"(65.8, 73.0]"
278,test,0,0.47108495,280,2022-03-06,1,-0.11578938,-1.4960445,0.18301621,390.46384,"(390, 400]",430.28958,"(430, 440]","(0.471, 0.476]","(0.182, 0.239]",70,"(65.8, 73.0]"
299,test,0,0.47108495,301,2022-03-27,1,-0.11578938,-1.4960445,0.18301621,390.46384,"(390, 400]",430.28958,"(430, 440]","(0.471, 0.476]","(0.182, 0.239]",71,"(65.8, 73.0]"
351,test,1,0.47108495,353,2022-05-18,1,-0.11578938,-1.4960445,0.18301621,390.46384,"(390, 400]",430.28958,"(430, 440]","(0.471, 0.476]","(0.182, 0.239]",72,"(65.8, 73.0]"
339,test,0,0.47108495,341,2022-05-06,1,-0.11578938,-1.4960445,0.18301621,390.46384,"(390, 400]",430.28958,"(430, 440]","(0.471, 0.476]","(0.182, 0.239]",73,"(65.8, 73.0]"
381,oot,0,0.5203591,383,2022-06-17,1,0.081481464,1.0377564,0.7384169,384.77182,"(380, 390]",357.17953,"(350, 360]","(0.515, 0.52]","(0.683, 0.738]",1,"(0.967, 4.3]"
395,oot,0,0.5203591,397,2022-07-01,1,0.081481464,1.0377564,0.7384169,384.77182,"(380, 390]",357.17953,"(350, 360]","(0.515, 0.52]","(0.683, 0.738]",2,"(0.967, 4.3]"
391,oot,0,0.5203591,393,2022-06-27,1,0.081481464,1.0377564,0.7384169,384.77182,"(380, 390]",357.17953,"(350, 360]","(0.515, 0.52]","(0.683, 0.738]",3,"(0.967, 4.3]"
392,oot,1,0.51666045,394,2022-06-28,1,0.06666654,0.8474695,0.70003605,385.19928,"(380, 390]",362.67007,"(360, 370]","(0.515, 0.52]","(0.683, 0.738]",4,"(0.967, 4.3]"
377,oot,0,0.5010489,379,2022-06-13,1,0.0041956976,0.045076825,0.5112673,387.0018,"(380, 390]",385.82224,"(380, 390]","(0.501, 0.506]","(0.461, 0.516]",5,"(4.3, 7.6]"
394,oot,1,0.5010489,396,2022-06-30,1,0.0041956976,0.045076825,0.5112673,387.0018,"(380, 390]",385.82224,"(380, 390]","(0.501, 0.506]","(0.461, 0.516]",6,"(4.3, 7.6]"
388,oot,1,0.5010489,390,2022-06-24,1,0.0041956976,0.045076825,0.5112673,387.0018,"(380, 390]",385.82224,"(380, 390]","(0.501, 0.506]","(0.461, 0.516]",7,"(4.3, 7.6]"
386,oot,1,0.5010489,388,2022-06-22,1,0.0041956976,0.045076825,0.5112673,387.0018,"(380, 390]",385.82224,"(380, 390]","(0.501, 0.506]","(0.461, 0.516]",8,"(7.6, 10.9]"
385,oot,0,0.5010489,387,2022-06-21,1,0.0041956976,0.045076825,0.5112673,387.0018,"(380, 390]",385.82224,"(380, 390]","(0.501, 0.506]","(0.461, 0.516]",9,"(7.6, 10.9]"
384,oot,1,0.5010489,386,2022-06-20,1,0.0041956976,0.045076825,0.5112673,387.0018,"(380, 390]",385.82224,"(380, 390]","(0.501, 0.506]","(0.461, 0.516]",10,"(7.6, 10.9]"
365,oot,1,0.5010489,367,2022-06-01,1,0.0041956976,0.045076825,0.5112673,387.0018,"(380, 390]",385.82224,"(380, 390]","(0.501, 0.506]","(0.461, 0.516]",11,"(10.9, 14.2]"
378,oot,0,0.5010489,380,2022-06-14,1,0.0041956976,0.045076825,0.5112673,387.0018,"(380, 390]",385.82224,"(380, 390]","(0.501, 0.506]","(0.461, 0.516]",12,"(10.9, 14.2]"
364,oot,0,0.5010489,366,2022-05-31,1,0.0041956976,0.045076825,0.5112673,387.0018,"(380, 390]",385.82224,"(380, 390]","(0.501, 0.506]","(0.461, 0.516]",13,"(10.9, 14.2]"
397,oot,1,0.5010489,399,2022-07-03,1,0.0041956976,0.045076825,0.5112673,387.0018,"(380, 390]",385.82224,"(380, 390]","(0.501, 0.506]","(0.461, 0.516]",14,"(10.9, 14.2]"
374,oot,0,0.5010489,376,2022-06-10,1,0.0041956976,0.045076825,0.5112673,387.0018,"(380, 390]",385.82224,"(380, 390]","(0.501, 0.506]","(0.461, 0.516]",15,"(14.2, 17.5]"
367,oot,1,0.5010489,369,2022-06-03,1,0.0041956976,0.045076825,0.5112673,387.0018,"(380, 390]",385.82224,"(380, 390]","(0.501, 0.506]","(0.461, 0.516]",16,"(14.2, 17.5]"
368,oot,1,0.5010489,370,2022-06-04,1,0.0041956976,0.045076825,0.5112673,387.0018,"(380, 390]",385.82224,"(380, 390]","(0.501, 0.506]","(0.461, 0.516]",17,"(14.2, 17.5]"
372,oot,0,0.5010489,374,2022-06-08,1,0.0041956976,0.045076825,0.5112673,387.0018,"(380, 390]",385.82224,"(380, 390]","(0.501, 0.506]","(0.461, 0.516]",18,"(17.5, 20.8]"
371,oot,1,0.5010489,373,2022-06-07,1,0.0041956976,0.045076825,0.5112673,387.0018,"(380, 390]",385.82224,"(380, 390]","(0.501, 0.506]","(0.461, 0.516]",19,"(17.5, 20.8]"
370,oot,0,0.47577652,372,2022-06-06,1,-0.09696973,-1.2543197,0.22195329,389.9208,"(380, 390]",423.31488,"(420, 430]","(0.471, 0.476]","(0.182, 0.239]",20,"(17.5, 20.8]"
396,oot,1,0.47577652,398,2022-07-02,1,-0.09696973,-1.2543197,0.22195329,389.9208,"(380, 390]",423.31488,"(420, 430]","(0.471, 0.476]","(0.182, 0.239]",21,"(20.8, 24.1]"
366,oot,1,0.47577652,368,2022-06-02,1,-0.09696973,-1.2543197,0.22195329,389.9208,"(380, 390]",423.31488,"(420, 430]","(0.471, 0.476]","(0.182, 0.239]",22,"(20.8, 24.1]"
390,oot,0,0.47577652,392,2022-06-26,1,-0.09696973,-1.2543197,0.22195329,389.9208,"(380, 390]",423.31488,"(420, 430]","(0.471, 0.476]","(0.182, 0.239]",23,"(20.8, 24.1]"
389,oot,0,0.47577652,391,2022-06-25,1,-0.09696973,-1.2543197,0.22195329,389.9208,"(380, 390]",423.31488,"(420, 430]","(0.471, 0.476]","(0.182, 0.239]",24,"(20.8, 24.1]"
376,oot,0,0.47577652,378,2022-06-12,1,-0.09696973,-1.2543197,0.22195329,389.9208,"(380, 390]",423.31488,"(420, 430]","(0.471, 0.476]","(0.182, 0.239]",25,"(24.1, 27.4]"
373,oot,1,0.47577652,375,2022-06-09,1,-0.09696973,-1.2543197,0.22195329,389.9208,"(380, 390]",423.31488,"(420, 430]","(0.471, 0.476]","(0.182, 0.239]",26,"(24.1, 27.4]"
380,oot,0,0.47577652,382,2022-06-16,1,-0.09696973,-1.2543197,0.22195329,389.9208,"(380, 390]",423.31488,"(420, 430]","(0.471, 0.476]","(0.182, 0.239]",27,"(24.1, 27.4]"
379,oot,0,0.47577652,381,2022-06-15,1,-0.09696973,-1.2543197,0.22195329,389.9208,"(380, 390]",423.31488,"(420, 430]","(0.471, 0.476]","(0.182, 0.239]",28,"(27.4, 30.7]"
387,oot,1,0.47577652,389,2022-06-23,1,-0.09696973,-1.2543197,0.22195329,389.9208,"(380, 390]",423.31488,"(420, 430]","(0.471, 0.476]","(0.182, 0.239]",29,"(27.4, 30.7]"
375,oot,1,0.47108495,377,2022-06-11,1,-0.11578938,-1.4960445,0.18301621,390.46384,"(390, 400]",430.28958,"(430, 440]","(0.471, 0.476]","(0.182, 0.239]",30,"(27.4, 30.7]"
369,oot,1,0.47108495,371,2022-06-05,1,-0.11578938,-1.4960445,0.18301621,390.46384,"(390, 400]",430.28958,"(430, 440]","(0.471, 0.476]","(0.182, 0.239]",31,"(30.7, 34.0]"
383,oot,0,0.47108495,385,2022-06-19,1,-0.11578938,-1.4960445,0.18301621,390.46384,"(390, 400]",430.28958,"(430, 440]","(0.471, 0.476]","(0.182, 0.239]",32,"(30.7, 34.0]"
393,oot,1,0.47108495,395,2022-06-29,1,-0.11578938,-1.4960445,0.18301621,390.46384,"(390, 400]",430.28958,"(430, 440]","(0.471, 0.476]","(0.182, 0.239]",33,"(30.7, 34.0]"
382,oot,0,0.47108495,384,2022-06-18,1,-0.11578938,-1.4960445,0.18301621,390.46384,"(390, 400]",430.28958,"(430, 440]","(0.471, 0.476]","(0.182, 0.239]",34,"(30.7, 34.0]"
